timestamp,ticker,price,change,change_pct,prev_close,week_52_high,week_52_low,market_cap
2026-04-10T09:00:11.940778,CSCO,82.5111,-0.6589000000000027,-0.7922327762414364,83.17,88.19,53.83,326009159680
2026-04-10T12:00:03.764658,CSCO,81.93,-1.2399999999999949,-1.4909222075267463,83.17,88.19,53.83,323713171456
2026-04-10T15:00:03.701428,CSCO,82.22,-0.9500000000000028,-1.1422387880245315,83.17,88.19,53.83,324859002880
2026-04-13T09:00:03.101551,CSCO,81.57,-0.6500000000000057,-0.7905619070785767,82.22,88.19,53.83,322290778112
2026-04-13T12:00:03.354157,CSCO,81.615,-0.605000000000004,-0.7358306981269812,82.22,88.19,53.83,322468577280
2026-04-13T15:00:03.142000,CSCO,82.35,0.12999999999999545,0.1581123814157084,82.22,88.19,53.83,325372641280
2026-04-14T09:00:03.380593,CSCO,81.53,-0.8199999999999932,-0.9957498482088564,82.35,88.19,53.83,322132738048
2026-04-14T12:00:03.242426,CSCO,82.355,0.005000000000009663,0.006071645415919445,82.35,88.19,53.83,325392400384
2026-04-14T15:00:03.519318,CSCO,82.61,0.2600000000000051,0.31572556162720716,82.35,88.19,53.83,326399918080
2026-04-15T09:00:03.767623,CSCO,80.93,-1.6799999999999926,-2.0336521002299874,82.61,88.19,53.83,319762071552
2026-04-15T12:00:03.122311,CSCO,82.405,-0.2049999999999983,-0.24815397651615823,82.61,88.19,53.83,325589925888
2026-04-15T15:00:02.953027,CSCO,82.36,-0.25,-0.30262680062946373,82.61,88.19,53.83,325412159488
2026-04-16T09:00:03.785985,CSCO,83.545,1.1850000000000023,1.4388052452646944,82.36,88.19,53.83,330094182400
2026-04-16T12:00:03.725981,CSCO,83.9,1.5400000000000063,1.8698397280233199,82.36,88.19,53.83,331496849408
2026-04-16T15:00:03.792654,CSCO,84.5,2.1400000000000006,2.5983487129674607,82.36,88.19,53.83,333867483136
2026-04-17T09:00:03.441479,CSCO,85.5,1.0,1.183431952662722,84.5,88.19,53.83,337818583040
2026-04-17T12:00:03.855195,CSCO,86.335,1.8349999999999937,2.1715976331360873,84.5,88.19,53.83,341117730816
2026-04-17T15:00:03.627790,CSCO,86.25,1.75,2.0710059171597637,84.5,88.19,53.83,340781891584
2026-04-20T09:00:03.551594,CSCO,87.63,1.3799999999999955,1.5999999999999948,86.25,88.19,53.83,346234388480
2026-04-20T12:00:03.674085,CSCO,87.89,1.6400000000000006,1.9014492753623196,86.25,88.35,53.83,347261698048
2026-04-20T15:00:03.821740,CSCO,87.71,1.4599999999999937,1.6927536231883984,86.25,88.35,53.83,346550501376
2026-04-21T09:00:03.941734,CSCO,88.87,1.1600000000000108,1.3225401892600739,87.71,89.03,54.59,351133794304
2026-04-21T12:00:02.898460,CSCO,89.305,1.595000000000013,1.8184927602325998,87.71,89.45,54.59,352852508672
2026-04-21T15:00:02.824803,CSCO,89.7,1.990000000000009,2.2688404970927025,87.71,89.795,54.59,354413182976
2026-04-22T09:00:03.967004,CSCO,89.795,0.09499999999999886,0.10590858416945247,89.7,90.45,55.16,354788540416
2026-04-22T12:00:03.777797,CSCO,90.03,0.3299999999999983,0.36789297658862685,89.7,90.45,55.16,355717021696
2026-04-22T15:00:04.402826,CSCO,89.8,0.09999999999999432,0.11148272017836602,89.7,90.45,55.16,354808299520
2026-04-23T09:00:03.645872,CSCO,89.445,-0.355000000000004,-0.3953229398663742,89.8,90.45,55.16,353298186240
2026-04-23T12:00:03.040651,CSCO,88.85,-0.9500000000000028,-1.0579064587973306,89.8,90.45,55.16,350947999744
2026-04-23T15:00:03.680761,CSCO,88.59,-1.2099999999999937,-1.3474387527839575,89.8,90.45,55.16,349921017856
2026-04-24T09:00:03.492741,CSCO,89.23,0.6400000000000006,0.7224291680776618,88.59,90.45,56.07,352448970752
2026-04-24T12:00:03.663578,CSCO,89.285,0.6949999999999932,0.7845129247093274,88.59,90.45,56.07,352646856704
2026-04-24T15:00:03.567637,CSCO,89.01,0.4200000000000017,0.474094141550967,88.59,90.45,56.07,351579996160
2026-04-27T09:00:03.279826,CSCO,88.08,-0.9300000000000068,-1.0448264239973113,89.01,90.45,56.42,347906605056
2026-04-27T12:00:03.796160,CSCO,87.85,-1.1600000000000108,-1.303224356813853,89.01,90.45,56.42,346998112256
2026-04-27T15:00:03.225209,CSCO,88.26,-0.75,-0.8426019548365351,89.01,90.45,56.42,348617572352
2026-04-28T09:00:03.613773,CSCO,86.85,-1.4100000000000108,-1.5975526852481425,88.26,90.45,56.46,343048224768
2026-04-28T12:00:03.331400,CSCO,86.2747,-1.9853000000000094,-2.2493768411511548,88.26,90.45,56.46,340775829504
2026-04-28T15:00:03.242914,CSCO,86.86,-1.4000000000000057,-1.5862225243598524,88.26,90.45,56.46,343087710208
2026-04-29T09:00:03.520014,CSCO,88.67,1.7900000000000063,2.060313075506453,86.88,90.45,56.46,350236999680
2026-04-29T12:00:03.249029,CSCO,88.99,2.1099999999999994,2.4286372007366475,86.88,90.45,56.46,351500992512
2026-04-29T15:00:03.049804,CSCO,89.57,2.6899999999999977,3.096224677716388,86.88,90.45,56.46,353791934464
2026-04-30T09:00:02.950754,CSCO,90.89,1.3200000000000074,1.4737077146366053,89.57,90.95,57.68,359005782016
2026-04-30T12:00:03.385098,CSCO,91.335,1.7650000000000006,1.970525845707269,89.57,91.67,57.68,360763490304
2026-04-30T15:00:02.870183,CSCO,91.5,1.9300000000000068,2.15473931003685,89.57,91.67,57.68,361415213056
2026-05-01T09:00:03.502233,CSCO,92.5799,1.079899999999995,1.180218579234967,91.5,92.92,58.58,365680721920
2026-05-01T12:00:02.906981,CSCO,92.155,0.6550000000000011,0.7158469945355204,91.5,92.92,58.58,364002410496
2026-05-01T15:00:03.632154,CSCO,91.85,0.3499999999999943,0.3825136612021796,91.5,92.92,58.58,362797662208
2026-05-04T09:00:03.129655,CSCO,92.61,0.7600000000000051,0.8274360370168811,91.85,93.1,58.58,365799604224
2026-05-04T12:00:02.901628,CSCO,92.47,0.6200000000000045,0.6750136091453507,91.85,93.1,58.58,365246611456
2026-05-04T15:00:03.683306,CSCO,92.63,0.7800000000000011,0.8492106695699523,91.85,93.1,58.58,365878575104
2026-05-05T09:00:03.612008,CSCO,93.71,1.0799999999999983,1.16592896469826,92.63,94.34,58.58,370144477184
2026-05-05T12:00:03.662598,CSCO,94.43,1.8000000000000114,1.9432149411637825,92.63,94.555,58.58,372988411904
2026-05-05T15:00:03.744962,CSCO,94.3,1.6700000000000017,1.8028716398574995,92.63,94.715,58.58,372474937344
2026-05-06T09:00:03.032061,CSCO,91.52,-2.780000000000001,-2.9480381760339354,94.3,94.72,59.07,361494216704
2026-05-06T12:00:03.558435,CSCO,91.4,-2.8999999999999915,-3.075291622481433,94.3,94.72,59.07,361020227584
2026-05-06T15:00:02.822685,CSCO,91.64,-2.6599999999999966,-2.8207847295864226,94.3,94.72,59.07,361968205824
2026-05-07T09:00:02.978065,CSCO,91.9275,0.2944999999999993,0.32139076533563166,91.633,94.72,59.43,362955669504
2026-05-07T12:00:03.313542,CSCO,92.15,0.5170000000000101,0.5642072179236848,91.633,94.72,59.43,363982651392
2026-05-07T15:00:03.059023,CSCO,92.16,0.527000000000001,0.5751203169163959,91.633,94.72,59.43,364022169600
2026-05-08T09:00:03.471389,CSCO,95.81,3.6500000000000057,3.9605034722222285,92.16,96.0599,59.44,378439237632
2026-05-08T12:00:02.866783,CSCO,96.29,4.13000000000001,4.481336805555566,92.16,97.02,59.44,380335226880
2026-05-08T15:00:03.851869,CSCO,96.57,4.409999999999997,4.7851562499999964,92.16,97.02,59.44,381441179648
2026-05-11T09:00:03.698625,CSCO,98.09,1.5200000000000102,1.5739877808843432,96.57,98.48,60.85,387444998144
2026-05-11T12:00:03.479839,CSCO,97.775,1.2050000000000125,1.2477995236616057,96.57,98.61,60.85,386200797184
2026-05-11T15:00:02.998939,CSCO,98.72,2.1500000000000057,2.2263642953298186,96.57,98.83,60.85,389933465600
2026-05-12T12:00:03.478486,CSCO,98.595,-0.125,-0.12662074554294975,98.72,99.93,60.85,389439717376
2026-05-12T15:00:03.754958,CSCO,99.29,0.5700000000000074,0.5773905996758584,98.72,99.93,60.85,392184889344
2026-05-13T09:00:03.346860,CSCO,100.025,0.7349999999999994,0.7402558162956988,99.29,100.84,60.85,395078172672
2026-05-13T12:00:03.336073,CSCO,100.77,1.4799999999999898,1.4905831402960918,99.29,101.61,60.85,398030700544
2026-05-13T15:00:03.449722,CSCO,101.87,2.5799999999999983,2.598448987813474,99.29,102.01,60.85,402375639040
2026-05-14T09:00:03.961559,CSCO,116.8783,15.008299999999991,14.732796701678602,101.87,119.36,62.3,461656817664
2026-05-14T12:00:03.865283,CSCO,115.145,13.274999999999991,13.03131442033964,101.87,119.36,62.3,454909198336
2026-05-14T15:00:03.643659,CSCO,115.53,13.659999999999997,13.409247079611264,101.87,119.36,62.3,456331132928
2026-05-15T09:00:02.924210,CSCO,116.45,0.9200000000000017,0.7963299575867755,115.53,119.36,62.3,459965038592
2026-05-15T12:00:03.728429,CSCO,118.3,2.769999999999996,2.3976456331688705,115.53,119.36,62.3,467390857216
2026-05-15T15:00:03.712456,CSCO,118.21,2.6799999999999926,2.3197437894919006,115.53,119.36,62.3,466916868096
2026-05-18T09:00:02.796174,CSCO,116.68,-1.529999999999987,-1.2943067422383783,118.21,119.39,62.3,460873531392
2026-05-18T12:00:02.955324,CSCO,117.65,-0.5599999999999881,-0.4737331867016226,118.21,119.39,62.3,464704929792
2026-05-18T15:00:03.264960,CSCO,118.88,0.6700000000000017,0.5667879198037405,118.21,119.39,62.3,469563277312
2026-05-19T09:00:02.965416,CSCO,115.56,-3.319999999999993,-2.792732166890977,118.88,119.39,62.3,456449654784
2026-05-19T12:00:03.158298,CSCO,116.59,-2.289999999999992,-1.9263122476446772,118.88,119.39,62.3,460518031360
2026-05-19T15:00:03.321200,CSCO,115.38,-3.5,-2.9441453566621805,118.88,119.39,62.3,455738654720
2026-05-20T09:00:04.010661,CSCO,115.72,0.3400000000000034,0.2946784538048218,115.38,119.39,62.3,457081651200
2026-05-20T12:00:03.646097,CSCO,114.445,-0.9350000000000023,-0.8103657479632539,115.38,119.39,62.3,452045504512
2026-05-20T15:00:03.190967,CSCO,114.35,-1.0300000000000011,-0.892702374761658,115.38,119.39,62.3,451670278144
2026-05-21T09:00:03.147883,CSCO,116.92,2.5700000000000074,2.247485789243557,114.35,119.39,62.3,460832538624
2026-05-21T12:00:03.110059,CSCO,117.36,3.010000000000005,2.6322693484914783,114.35,119.39,62.3,462566785024
2026-05-21T15:00:03.489530,CSCO,118.2,3.8500000000000085,3.366856143419334,114.35,119.39,62.3,465877565440
2026-05-22T09:00:02.906913,CSCO,120.42,2.219999999999999,1.8781725888324865,118.2,120.54,62.3,474627538944
2026-05-22T12:00:03.054470,CSCO,120.16,1.9599999999999937,1.6582064297800285,118.2,120.79,62.3,473602785280
2026-05-22T15:00:03.270663,CSCO,120.41,2.2099999999999937,1.8697123519458494,118.2,120.79,62.3,474588151808
2026-05-25T09:00:02.929464,CSCO,120.41,2.2099999999999937,1.8697123519458494,118.2,120.79,62.3,474588151808
2026-05-25T12:00:03.784825,CSCO,120.41,2.2099999999999937,1.8697123519458494,118.2,120.79,62.3,474588151808
2026-05-25T15:00:03.360927,CSCO,120.41,2.2099999999999937,1.8697123519458494,118.2,120.79,62.3,474588151808
2026-05-26T09:00:03.007435,CSCO,117.89,-2.519999999999996,-2.09284943111037,120.41,120.79,62.3,464655712256
2026-05-26T12:00:03.594729,CSCO,117.41,-3.0,-2.491487417988539,120.41,120.79,62.3,462763851776
2026-05-26T15:00:03.195236,CSCO,118.33,-2.0799999999999983,-1.7274312764720523,120.41,120.79,62.3,466389958656
2026-05-27T09:00:03.516250,CSCO,119.14,0.8100000000000023,0.6845263246852042,118.33,120.79,62.3,469582512128
2026-05-27T12:00:03.715119,CSCO,119.75,1.4200000000000017,1.2000338037691218,118.33,120.79,62.3,471986798592
2026-05-27T15:00:03.008598,CSCO,119.67,1.3400000000000034,1.1324262655286093,118.33,120.79,62.3,471671472128
2026-05-28T09:00:02.919550,CSCO,119.4,-0.269999999999996,-0.22562045625469712,119.67,120.79,62.3,470607298560
2026-05-28T12:00:03.459420,CSCO,118.72,-0.9500000000000028,-0.7938497534887632,119.67,120.79,62.3,467927138304
2026-05-28T15:00:03.421949,CSCO,118.64,-1.0300000000000011,-0.8607002590457099,119.67,120.79,62.3,467611811840
2026-05-29T09:00:03.350327,CSCO,119.58,0.9399999999999977,0.7923128792987169,118.64,120.79,62.3,471316758528
2026-05-29T12:00:03.331097,CSCO,121.02,2.3799999999999955,2.0060687795010077,118.64,121.23,62.3,476992405504
2026-05-29T15:00:03.703756,CSCO,120.42,1.7800000000000011,1.5003371544167239,118.64,121.43,62.3,474627538944
2026-06-01T09:00:03.191374,CSCO,120.85,0.4299999999999926,0.357083540940037,120.42,121.43,62.71,476322365440
2026-06-01T12:00:03.508775,CSCO,120.79,0.37000000000000455,0.30725793057632,120.42,121.43,62.71,476085878784
2026-06-01T15:00:03.586313,CSCO,121.33,0.9099999999999966,0.755688423849856,120.42,121.95,62.71,478214258688
2026-06-02T09:00:03.807744,CSCO,127.3,5.969999999999999,4.920464847935381,121.33,128.05,63.72,501744631808
2026-06-02T12:00:03.145884,CSCO,127.4,6.070000000000007,5.002884694634474,121.33,128.05,63.72,502178185216
2026-06-02T15:00:03.725694,CSCO,128.0,6.670000000000002,5.49740377482898,121.33,128.22,63.72,504503631872
2026-06-03T09:00:04.118005,CSCO,127.93,-0.06999999999999318,-0.05468749999999467,128.0,128.82,63.87,504227725312
2026-06-03T12:00:03.737404,CSCO,129.13,1.1299999999999955,0.8828124999999964,128.0,129.21,63.87,508957458432
2026-06-03T15:00:03.599487,CSCO,126.5,-1.5,-1.171875,128.0,129.4155,63.87,498591465472
2026-06-04T09:00:03.106452,CSCO,128.74,2.240000000000009,1.7707509881422996,126.5,129.42,63.87,507420311552
2026-06-04T12:00:03.756366,CSCO,130.0,3.5,2.766798418972332,126.5,130.05,63.87,512386498560
2026-06-04T15:00:03.752783,CSCO,130.0,3.5,2.766798418972332,126.5,130.3656,63.87,512386498560
2026-06-05T09:00:03.710616,CSCO,124.74,-5.260000000000005,-4.04615384615385,130.0,129.42,63.87,491654545408
2026-06-05T12:00:03.502155,CSCO,122.52,-7.480000000000004,-5.7538461538461565,130.0,129.42,63.87,482904571904
2026-06-05T15:00:03.445771,CSCO,121.64,-8.36,-6.43076923076923,130.0,129.42,63.87,479436111872
2026-09-29T09:00:03.858243,CSCO,106.24,-0.5,-0.468427955780401,106.74,130.37,66.81,418978693120
2026-09-29T12:00:03.110613,CSCO,106.97,0.23000000000000398,0.21547685965898816,106.74,130.37,66.81,421738512384
2026-09-29T15:00:03.405108,CSCO,106.94,0.20000000000000284,0.18737118231216307,106.74,130.37,66.81,421620252672
2026-09-30T09:00:03.869076,CSCO,108.33,1.3900000000000006,1.299794277164766,106.94,130.37,66.81,427100438528
2026-09-30T12:00:03.223423,CSCO,107.93,0.9900000000000091,0.9257527585562083,106.94,130.37,66.81,425523412992
2026-09-30T15:00:03.597991,CSCO,107.63,0.6899999999999977,0.6452216195997734,106.94,130.37,66.81,424340619264
2026-10-01T09:00:03.758551,CSCO,108.23,0.6000000000000085,0.557465390690336,107.63,130.37,66.81,426706206720
2026-10-01T12:00:03.884515,CSCO,108.64,1.0100000000000051,0.9384000743287235,107.63,130.37,66.81,428322652160
2026-10-01T15:00:03.413685,CSCO,108.76,1.1300000000000097,1.0498931524667934,107.63,130.37,66.81,428795756544
2026-10-02T09:00:02.960591,CSCO,111.195,2.8549999999999898,2.6352224478493538,108.34,130.37,66.81,438395961344
2026-10-02T12:00:03.549502,CSCO,111.8,3.4599999999999937,3.193649621561744,108.34,130.37,66.81,440781209600
2026-10-02T15:00:03.679334,CSCO,112.2,3.8599999999999994,3.562857670297212,108.34,130.37,66.81,442358235136
2026-10-05T09:00:03.758649,CSCO,112.11,-0.09000000000000341,-0.08021390374331855,112.2,130.37,66.81,442003423232
2026-10-05T12:00:03.523347,CSCO,113.13,0.9299999999999926,0.828877005347587,112.2,130.37,66.81,446024843264
2026-10-05T15:00:03.228178,CSCO,112.82,0.6199999999999903,0.5525846702317204,112.2,130.37,66.81,444802662400
2026-10-06T09:00:03.817404,CSCO,115.37,2.5500000000000114,2.2602375465343125,112.82,130.37,66.81,454856245248
2026-10-06T12:00:03.760271,CSCO,117.48,4.660000000000011,4.130473320333284,112.82,130.37,66.81,463175122944
2026-10-06T15:00:03.707567,CSCO,117.94,5.1200000000000045,4.53820244637476,112.82,130.37,66.81,464988700672
2026-10-07T09:00:03.094093,CSCO,117.72,-0.21999999999999886,-0.18653552653891714,117.94,130.37,66.81,464121331712
2026-10-07T12:00:03.385942,CSCO,117.785,-0.15500000000000114,-0.13142275733423872,117.94,130.37,66.81,464377610240
2026-10-07T15:00:03.806709,CSCO,117.39,-0.5499999999999972,-0.4663388163472928,117.94,130.37,66.81,462820278272
2026-10-08T09:00:02.906503,CSCO,116.29,-1.0999999999999943,-0.9370474486753507,117.39,130.37,66.81,458483433472
2026-10-08T12:00:03.091629,CSCO,115.728,-1.6620000000000061,-1.41579350881677,117.39,130.37,66.81,456267694080
2026-10-08T15:00:03.664382,CSCO,114.89,-2.5,-2.12965329244399,117.39,130.37,66.81,452963794944
2026-10-09T09:00:03.306196,CSCO,116.95,2.0600000000000023,1.7930194098703125,114.89,130.37,66.81,461085507584
2026-10-09T12:00:03.395281,CSCO,118.0865,3.1965000000000003,2.782226477500218,114.89,130.37,66.81,465566302208
2026-10-09T15:00:03.566842,CSCO,118.39,3.5,3.0463922012359648,114.89,130.37,66.81,466762858496
